Industry,"Yes, business plans to use artificial intelligence (AI) for producing goods or delivering services over the next 12 months","Type of artificial intelligence (AI) application planned to use, machine learning","Type of artificial intelligence (AI) application planned to use, natural language processing","Type of artificial intelligence (AI) application planned to use, virtual agents or chatbots","Type of artificial intelligence (AI) application planned to use, speech or voice recognition using AI","Type of artificial intelligence (AI) application planned to use, recommendation systems using AI","Type of artificial intelligence (AI) application planned to use, large language models","Type of artificial intelligence (AI) application planned to use, text analytics using AI","Type of artificial intelligence (AI) application planned to use, data analytics using AI","Type of artificial intelligence (AI)application planned to use, neural network","Type of artificial intelligence (AI) application planned to use, augmented reality","Type of artificial intelligence (AI) application planned to use, decision making systems based on AI","Type of artificial intelligence (AI) application planned to use, deep learning","Type of artificial intelligence (AI) application planned to use, image or pattern recognition","Type of artificial intelligence (AI) application planned to use, machine or computer vision","Type of artificial intelligence (AI) application planned to use, robotics process automation","Type of artificial intelligence (AI) application planned to use, biometrics","Type of artificial intelligence (AI) application planned to use, marketing automation using AI","Type of artificial intelligence (AI) application planned to use, other type","No, business or organization does not plan to use artificial intelligence (AI) for producing goods or delivering services over the next 12 months","Use of artificial intelligence (AI) by businesses or organizations in producing goods or delivering services over the next 12 months, unknown"
"Agriculture, forestry, fishing and hunting",13.2,28.1,5.6,8.6,0.1,6.7,18.4,9.0,20.0,0.0,0.1,22.9,10.5,10.8,9.5,10.6,1.3,13.0,0.0,72.0,14.8
"Mining, quarrying, and oil and gas extraction",14.8,36.2,8.7,16.1,0.8,10.9,25.4,17.3,72.4,6.7,0.2,20.1,15.6,8.1,15.1,0.8,0.0,22.2,0.0,68.0,17.2
Construction,18.3,11.3,7.6,27.9,16.6,16.3,22.4,43.6,47.2,0.0,0.9,9.8,7.8,9.4,6.1,7.4,0.2,18.9,0.0,63.1,18.5
Manufacturing,24.4,29.8,18.7,30.5,8.3,18.6,41.9,31.2,54.0,0.5,1.7,11.6,9.1,15.1,6.2,7.6,2.4,42.4,0.7,49.9,25.7
Wholesale trade,16.8,27.7,20.6,34.6,11.5,28.6,50.7,21.1,61.6,0.3,0.3,11.4,8.3,4.9,1.6,7.0,1.7,27.0,0.0,56.4,26.8
Retail trade,16.0,30.7,22.2,47.6,13.1,22.7,42.1,37.1,39.7,2.8,2.4,17.7,16.1,16.6,2.9,3.7,0.0,30.0,0.0,54.3,29.8
Transportation and warehousing,8.0,22.1,16.3,35.4,15.3,16.5,32.4,20.0,61.0,7.4,7.4,19.1,9.3,9.8,7.9,12.0,16.9,24.9,0.0,60.7,31.3
Information and cultural industries,48.0,21.5,24.1,51.5,20.3,20.8,61.6,35.0,49.7,3.7,4.7,21.3,9.8,37.4,5.7,8.5,2.9,18.7,0.7,34.0,18.0
Finance and insurance,35.5,17.9,20.6,28.5,15.3,14.8,40.6,27.5,54.2,0.7,1.1,10.6,15.6,2.6,3.4,9.1,2.1,22.4,0.2,30.6,33.8
Real estate and rental and leasing,23.6,10.3,14.2,37.5,27.5,19.8,35.4,26.2,55.4,4.6,5.6,10.6,7.5,9.1,2.0,3.0,1.2,51.0,0.1,57.8,18.6
"Professional, scientific and technical services",54.8,23.8,21.6,31.2,15.3,14.7,54.9,29.9,40.5,2.4,0.9,11.2,9.1,12.3,5.8,5.9,3.3,14.4,0.0,28.3,16.9
"Administrative and support, waste management and remediation services",19.6,23.1,27.3,48.0,29.0,29.8,44.7,33.4,45.1,5.1,0.6,30.5,26.6,26.7,6.3,2.2,6.2,44.3,0.0,55.5,24.9
Health care and social assistance,33.8,13.5,24.1,20.0,50.8,16.3,26.4,20.5,27.7,0.1,0.0,19.7,6.9,5.4,4.1,2.2,2.1,10.7,0.0,46.6,19.6
"Arts, entertainment and recreation",24.5,7.1,14.3,35.0,10.4,18.6,32.4,21.3,38.5,0.0,4.7,13.4,3.3,11.7,0.2,0.7,1.2,18.7,0.0,55.4,20.1
Accommodation and food services,17.4,6.5,9.2,28.1,15.5,9.1,29.0,14.9,28.2,0.0,0.0,9.4,5.3,3.6,1.1,4.9,0.0,48.5,0.0,57.3,25.4
Other services (except public administration),16.7,14.9,16.3,41.1,7.8,19.3,22.5,35.9,40.0,1.2,2.6,9.9,12.1,5.3,1.8,0.7,0.1,38.7,0.0,66.0,17.3
"Business or organization size of employment, all employment sizes 6",25.2,19.4,18.8,31.8,20.4,17.1,39.3,29.0,41.7,1.7,1.4,14.0,9.9,10.9,4.6,5.1,2.3,23.4,0.1,52.7,22.1
1 to 4 employees,25.6,19.3,19.4,26.6,23.4,16.3,41.6,26.2,34.1,2.1,1.7,14.0,9.6,12.7,5.1,3.9,1.7,20.0,0.1,57.0,17.4
5 to 19 employees,21.0,17.3,17.1,37.9,17.1,17.1,32.1,29.3,49.9,0.9,1.5,15.4,11.3,10.4,2.6,4.6,2.6,30.4,0.0,52.1,26.9
20 to 99 employees,32.8,22.9,20.3,39.5,16.2,18.3,43.2,38.5,52.4,1.7,0.7,12.1,9.2,6.6,6.4,9.2,3.3,26.4,0.1,38.1,29.2
100 or more employees,37.5,21.5,16.5,33.7,17.5,27.1,43.7,28.6,50.4,0.6,0.6,10.0,5.5,4.5,3.0,11.0,4.7,7.2,0.0,32.0,30.5
"Business or organization type, all businesses or organizations",25.2,19.4,18.8,31.8,20.4,17.1,39.3,29.0,41.7,1.7,1.4,14.0,9.9,10.9,4.6,5.1,2.3,23.4,0.1,52.7,22.1
Government agencies,32.5,0.4,29.8,51.2,45.2,7.3,4.8,1.3,4.8,0.0,0.0,4.1,7.2,24.7,0.0,0.0,0.0,0.0,0.0,52.3,15.3
Private sector businesses,25.5,19.7,18.8,31.5,20.8,17.4,39.4,29.2,41.1,1.8,1.4,14.3,10.2,11.2,4.9,5.4,2.3,23.0,0.1,52.1,22.4
Non-profit organizations,19.4,15.3,17.6,35.0,9.7,14.3,42.5,28.1,57.2,0.0,2.3,10.0,3.9,3.9,0.0,0.1,1.1,34.2,0.0,61.7,18.9
Non-profit organizations serving households or individuals,16.9,12.1,16.0,20.8,11.9,16.9,39.5,22.9,48.3,0.0,3.0,11.9,5.2,3.8,0.0,0.1,1.4,40.7,0.0,64.6,18.5
Non-profit organizations serving businesses,32.9,24.5,22.3,75.3,3.5,6.8,,,82.5,0.0,0.1,4.7,0.1,4.0,0.0,0.1,0.0,15.6,0.0,46.0,21.1
"Age of business or organization, all ages",25.2,19.4,18.8,31.8,20.4,17.1,39.3,29.0,41.7,1.7,1.4,14.0,9.9,10.9,4.6,5.1,2.3,23.4,0.1,52.7,22.1
"Age of business or organization, 2 years or less",32.8,21.5,30.4,43.3,26.1,19.0,41.5,25.6,24.7,5.8,3.6,24.0,16.8,18.7,10.4,9.5,0.3,27.1,0.0,44.2,23.0
"Age of business or organization, 3 to 10 years old",31.1,19.3,20.3,33.4,22.7,20.5,39.9,28.6,47.7,2.6,1.6,17.3,11.0,14.7,7.3,5.7,3.8,22.6,0.0,46.5,22.4
"Age of business or organization, 11 to 20 years old",27.5,15.7,15.8,25.4,23.1,14.5,34.7,25.3,40.4,0.6,1.0,11.4,5.3,7.5,1.3,2.3,1.5,21.7,0.1,49.2,23.3
"Age of business or organization, more than 20 years old",18.5,22.1,17.0,32.9,13.9,14.8,42.1,33.6,39.0,0.7,1.1,9.9,10.9,7.3,2.8,5.9,1.5,25.2,0.1,60.4,21.1
"Geography, all geography",25.2,19.4,18.8,31.8,20.4,17.1,39.3,29.0,41.7,1.7,1.4,14.0,9.9,10.9,4.6,5.1,2.3,23.4,0.1,52.7,22.1
Urban,27.4,20.0,19.2,32.2,21.2,17.5,40.9,29.5,42.0,1.8,1.5,14.3,9.7,10.9,4.9,4.9,2.3,23.5,0.1,49.7,22.9
Rural,13.5,12.4,14.6,28.3,12.6,13.2,23.1,24.1,38.4,0.5,0.4,10.6,12.3,11.1,1.1,7.9,1.6,22.8,0.0,68.6,17.8
"Majority ownership, all ownerships 7",25.5,19.7,18.8,31.5,20.8,17.4,39.4,29.2,41.1,1.8,1.4,14.3,10.2,11.2,4.9,5.4,2.3,23.0,0.1,52.1,22.4
"Majority ownership, woman",30.2,12.6,15.0,27.3,28.6,12.3,33.2,27.0,38.2,2.0,0.9,16.1,8.2,7.1,2.8,5.3,2.9,20.1,0.1,47.8,22.0
"Majority ownership, First Nations, Métis or Inuit",8.0,11.6,18.7,,14.0,10.6,,,,0.0,0.1,,3.3,,7.4,0.1,9.1,17.0,0.0,60.8,31.2
"Majority ownership, immigrant to Canada",32.2,16.7,17.6,36.8,25.6,19.8,44.8,21.8,41.8,2.3,2.0,12.6,10.4,15.2,7.6,5.8,3.3,18.6,0.0,47.0,20.8
"Majority ownership, person with a disability",31.6,,,22.2,41.1,14.7,35.7,,,5.8,0.0,20.8,10.2,12.2,3.1,0.4,2.7,22.1,0.0,45.0,23.4
"Majority ownership, 2SLGBTQ+ people 8",44.0,42.1,45.8,25.8,16.4,5.1,50.7,46.6,23.7,4.2,0.0,11.4,0.5,6.6,7.9,6.5,0.0,24.4,0.0,41.6,14.3
"Majority ownership, person aged 65 or older",18.2,15.7,16.1,34.4,27.2,14.0,37.4,22.6,28.7,0.3,1.2,14.8,12.1,7.8,3.9,6.2,1.7,18.0,0.3,63.4,18.5
"Majority ownership, visible minority",31.8,16.7,16.7,39.2,21.7,19.8,49.2,22.2,43.7,1.7,1.6,10.4,7.2,13.3,6.6,3.4,3.4,19.5,0.0,46.3,21.9
"Ownership by visible minority, all visible minorities 9",31.8,16.7,16.7,39.2,21.7,19.8,49.2,22.2,43.7,1.7,1.6,10.4,7.2,13.3,6.6,3.4,3.4,19.5,0.0,46.3,21.9
"Ownership by visible minority, South Asian",31.6,11.0,14.7,42.5,24.7,26.1,55.5,15.6,32.9,1.7,3.4,13.9,8.4,10.2,9.7,3.2,0.6,25.5,0.0,51.2,17.2
"Ownership by visible minority, Chinese",22.9,,18.4,,29.6,24.7,,,,5.2,0.1,12.7,10.3,1.7,1.8,0.0,0.0,14.2,0.0,51.9,25.2
"Ownership by visible minority, Black",41.9,19.6,16.7,,11.2,,,,,0.1,0.1,22.5,,0.4,0.0,0.0,0.1,,0.0,37.8,20.3
"Ownership by visible minority, Filipino",26.4,4.1,85.5,,0.0,6.8,,,,0.0,0.0,0.0,7.6,81.5,0.0,0.0,0.0,,0.0,,24.5
"Ownership by visible minority, Latin American",,6.7,0.0,,6.0,0.0,,,,6.0,0.0,6.8,6.1,0.0,0.0,0.0,0.0,0.1,0.0,,
"Ownership by visible minority, Arab",44.4,26.9,12.3,,6.1,,,,,0.9,2.0,2.6,1.2,,12.2,17.1,25.5,5.6,0.0,36.0,19.7
"Ownership by visible minority, Southeast Asian",19.9,,,2.1,,2.0,95.1,,2.1,0.0,0.0,,,0.0,0.0,0.0,0.1,0.6,0.0,52.9,27.2
"Ownership by visible minority, West Asian",,,,,,,,,,0.0,0.0,0.2,0.2,,,0.0,0.0,,0.0,38.6,20.6
"Ownership by visible minority, Korean",37.9,0.0,0.3,0.8,0.0,0.0,2.3,0.5,98.0,0.0,0.0,0.0,0.0,0.2,0.0,0.0,0.0,0.3,0.0,27.6,34.6
"Ownership by visible minority, Japanese",0.0,,,,,,,,,,,,,,,,,,,,
"Ownership by visible minority, other visible minority",100.0,22.9,22.9,22.9,22.9,,83.5,22.9,22.9,0.0,0.0,22.9,22.9,0.0,0.0,0.0,,0.0,0.0,0.0,0.0
"Ownership by visible minority, preferred not to say",26.3,,0.0,,,,,0.1,,0.0,0.0,0.0,0.0,0.0,0.0,0.0,0.0,0.0,0.0,33.2,40.5
"Business or organization activity in the last 12 months, all business or organization activities",25.2,19.4,18.8,31.8,20.4,17.1,39.3,29.0,41.7,1.7,1.4,14.0,9.9,10.9,4.6,5.1,2.3,23.4,0.1,52.7,22.1
Exported goods outside of Canada,32.1,21.9,19.1,42.1,14.0,31.0,48.6,19.7,58.7,0.1,0.5,20.9,9.3,5.9,12.6,13.8,0.4,20.9,0.0,40.6,27.3
Exported services outside of Canada,66.4,26.7,24.0,37.6,15.8,27.9,53.1,37.6,53.7,2.1,1.9,21.1,14.0,18.7,12.0,14.9,1.2,20.5,0.2,24.3,9.3
Made investments outside of Canada,35.4,52.1,33.9,46.5,24.9,50.8,84.4,38.1,63.3,0.9,0.0,31.6,33.3,36.2,3.2,0.6,0.1,35.4,0.0,40.7,23.8
Sold goods to businesses in Canada who then resold them outside of Canada,43.9,29.8,24.6,30.9,10.0,25.1,48.1,21.3,54.5,0.6,0.5,19.3,6.2,8.8,17.9,17.4,2.7,12.7,0.0,41.2,14.9
Imported goods from outside of Canada,30.4,22.3,20.8,33.6,13.8,22.0,48.9,27.5,52.9,1.8,1.3,16.3,11.3,11.3,9.6,8.9,4.2,30.1,0.0,49.1,20.5
Imported services from outside of Canada,52.9,23.3,24.4,37.8,16.8,25.6,51.4,34.5,50.6,0.7,1.0,19.1,8.6,14.7,12.7,13.7,2.0,22.1,0.0,31.0,16.1
Relocated any business or organizational activities or employees from another country into Canada,55.4,23.3,25.5,,17.3,,,,71.6,0.2,0.0,6.1,,15.9,11.1,7.0,0.0,5.0,0.0,4.8,39.8
Relocated any business or organizational activities or employees from Canada to another country,54.1,34.7,25.7,,22.8,29.4,81.9,,70.9,0.2,0.0,10.4,,11.4,11.6,12.3,3.1,17.9,0.0,16.2,29.7
Engaged in other international business activities,51.1,44.1,35.0,44.1,8.6,37.3,50.9,39.4,49.5,0.2,1.8,38.8,39.1,24.0,19.7,17.7,6.5,18.7,0.0,20.6,28.3
"Business or organization activity, none or other",22.0,16.4,16.9,30.4,22.9,14.5,33.8,27.1,38.5,1.7,1.4,11.6,8.4,9.2,2.9,3.6,2.0,22.2,0.1,55.4,22.6
